<?xml version="1.0" encoding="UTF-8"?>
<!DOCTYPE hibernate-configuration PUBLIC "-//Hibernate/Hibernate Configuration DTD 3.0//EN"
                                         "http://www.hibernate.org/dtd/hibernate-configuration-3.0.dtd">
<hibernate-configuration>
 <session-factory>
  <property name="hibernate.connection.driver_class">com.mysql.jdbc.Driver</property>
  <property name="hibernate.connection.password">thisismine</property>
  <property name="hibernate.connection.url">jdbc:mysql://localhost:3306/airlines</property>
  <property name="hibernate.connection.username">fsdcourse</property>
  <property name="hibernate.dialect">org.hibernate.dialect.MySQL8Dialect</property>
  <property name="hibernate.hbm2ddl.auto">update</property>
  <mapping class="com.bean.Airlines"/>
    <mapping class="com.bean.Flights"/>
      <mapping class="com.bean.Places"/>
        <mapping class="com.bean.Users"/>
 </session-factory>
</hibernate-configuration>
